key,year,pt,n,season_n,share,ivb,arm
kikuchi,2019,CH,200,2628,0.0761,8.9586,11.4594
kikuchi,2019,CU,406,2628,0.1545,-14.2380,-6.8837
kikuchi,2019,FF,1286,2628,0.4893,15.6607,5.7273
kikuchi,2019,SL,736,2628,0.2801,3.1242,-3.4759
kikuchi,2020,CH,50,795,0.0629,6.9408,10.8096
kikuchi,2020,FC,318,795,0.4000,9.2702,-1.1019
kikuchi,2020,FF,300,795,0.3774,18.3524,6.5484
kikuchi,2020,SL,127,795,0.1597,-1.2624,-1.5865
kikuchi,2021,CH,276,2561,0.1078,5.6678,10.6178
kikuchi,2021,CU,22,2561,0.0086,-2.6945,-1.8764
kikuchi,2021,FC,822,2561,0.3210,9.5458,-0.0466
kikuchi,2021,FF,919,2561,0.3588,16.2496,10.0654
kikuchi,2021,SL,522,2561,0.2038,-1.6372,-2.2745
kikuchi,2022,CH,247,1843,0.1340,8.0089,10.4317
kikuchi,2022,CU,6,1843,0.0033,1.0000,-2.6200
kikuchi,2022,FC,99,1843,0.0537,10.9794,0.2691
kikuchi,2022,FF,931,1843,0.5052,17.0439,11.5023
kikuchi,2022,SI,1,1843,0.0005,14.2800,11.2800
kikuchi,2022,SL,559,1843,0.3033,2.0518,-3.0799
kikuchi,2023,CH,257,2817,0.0912,7.1696,8.9631
kikuchi,2023,CU,533,2817,0.1892,-3.6655,-6.0761
kikuchi,2023,FF,1274,2817,0.4523,16.1407,9.8130
kikuchi,2023,SI,10,2817,0.0035,9.6240,10.6440
kikuchi,2023,SL,741,2817,0.2630,3.2045,-2.5117
kikuchi,2023,ST,2,2817,0.0007,0.4800,-10.3800
kikuchi,2024,CH,325,2923,0.1112,8.6219,12.7174
kikuchi,2024,CU,523,2923,0.1789,-4.7057,-4.8498
kikuchi,2024,FF,1374,2923,0.4701,16.9300,7.8731
kikuchi,2024,SL,701,2923,0.2398,3.2801,-2.7412
kikuchi,2025,CH,376,3094,0.1215,6.6820,13.5897
kikuchi,2025,CU,476,3094,0.1538,-5.8266,-6.9280
kikuchi,2025,FF,1081,3094,0.3494,15.3906,9.4475
kikuchi,2025,SI,34,3094,0.0110,9.1659,14.8729
kikuchi,2025,SL,1121,3094,0.3623,3.7930,-2.8586
kikuchi,2025,ST,6,3094,0.0019,2.7400,-13.9200
kikuchi,2026,CU,136,1202,0.1131,-6.6741,-7.7691
kikuchi,2026,FC,66,1202,0.0549,9.3036,-1.7564
kikuchi,2026,FF,487,1202,0.4052,14.9364,6.4637
kikuchi,2026,FS,208,1202,0.1730,8.4127,8.9429
kikuchi,2026,SL,305,1202,0.2537,1.9176,-2.3335
darvish,2019,CH,9,2848,0.0032,6.7333,3.4133
darvish,2019,CU,199,2848,0.0699,-12.5554,-11.3644
darvish,2019,FC,143,2848,0.0502,8.0308,-3.2736
darvish,2019,FF,733,2848,0.2574,16.3473,3.6092
darvish,2019,FS,237,2848,0.0832,6.1311,6.4015
darvish,2019,SI,250,2848,0.0878,10.1429,12.8386
darvish,2019,SL,882,2848,0.3097,-1.2052,-6.0133
darvish,2019,ST,395,2848,0.1387,1.2960,-16.6754
darvish,2020,CU,135,1153,0.1171,-13.0098,-9.8622
darvish,2020,FC,51,1153,0.0442,13.4376,-1.3247
darvish,2020,FF,174,1153,0.1509,18.3090,6.1083
darvish,2020,FS,103,1153,0.0893,7.4505,7.2489
darvish,2020,SI,100,1153,0.0867,12.5208,14.0436
darvish,2020,SL,417,1153,0.3617,-1.3669,-5.5732
darvish,2020,ST,173,1153,0.1500,-1.9575,-15.0097
darvish,2021,CU,234,2769,0.0845,-13.8462,-9.3118
darvish,2021,FC,70,2769,0.0253,12.8777,-1.4486
darvish,2021,FF,612,2769,0.2210,19.0114,6.2908
darvish,2021,FS,135,2769,0.0488,6.7582,7.5476
darvish,2021,SI,229,2769,0.0827,13.0066,13.5364
darvish,2021,SL,859,2769,0.3102,1.0504,-5.2210
darvish,2021,ST,630,2769,0.2275,-1.8059,-16.2623
darvish,2022,CU,216,2971,0.0727,-12.8750,-10.6139
darvish,2022,FC,128,2971,0.0431,10.4391,-2.1450
darvish,2022,FF,759,2971,0.2555,17.0168,7.2558
darvish,2022,FS,221,2971,0.0744,5.0096,6.2112
darvish,2022,SI,254,2971,0.0855,11.3806,14.0887
darvish,2022,SL,936,2971,0.3150,-0.2490,-5.6613
darvish,2022,ST,457,2971,0.1538,-0.0013,-16.2276
darvish,2023,CH,2,2217,0.0009,9.3600,11.1000
darvish,2023,CU,259,2217,0.1168,-13.7509,-10.7546
darvish,2023,FC,198,2217,0.0893,9.4576,-2.0885
darvish,2023,FF,371,2217,0.1673,17.3324,6.6560
darvish,2023,FS,170,2217,0.0767,4.5501,6.8626
darvish,2023,SI,413,2217,0.1863,10.1163,14.6220
darvish,2023,SL,392,2217,0.1768,-1.5885,-5.6033
darvish,2023,ST,412,2217,0.1858,0.2659,-17.1568
darvish,2024,CH,63,1260,0.0500,5.6762,8.8667
darvish,2024,CU,172,1260,0.1365,-13.7812,-9.5700
darvish,2024,FC,58,1260,0.0460,11.4166,-0.2110
darvish,2024,FF,232,1260,0.1841,16.8709,7.4141
darvish,2024,FS,51,1260,0.0405,2.7529,5.6941
darvish,2024,SI,215,1260,0.1706,9.7005,15.2601
darvish,2024,SL,293,1260,0.2325,0.7364,-5.3349
darvish,2024,ST,176,1260,0.1397,-0.2700,-15.1773
darvish,2025,CH,8,1157,0.0069,5.9700,13.7400
darvish,2025,CU,192,1157,0.1659,-13.6169,-11.5950
darvish,2025,FC,136,1157,0.1175,10.6315,1.4444
darvish,2025,FF,190,1157,0.1642,14.3255,10.8215
darvish,2025,FS,121,1157,0.1046,1.2942,5.8512
darvish,2025,SI,232,1157,0.2005,6.6352,16.1633
darvish,2025,SL,160,1157,0.1383,1.6140,-5.5110
darvish,2025,ST,117,1157,0.1011,2.8410,-13.8431
darvish,2025,UN,1,1157,0.0009,4.6800,-13.0800
darvish,2026,,0,0,,,
senga,2019,,0,0,,,
senga,2020,,0,0,,,
senga,2021,,0,0,,,
senga,2022,,0,0,,,
senga,2023,CU,73,2795,0.0261,-11.2225,-3.4734
senga,2023,FC,699,2795,0.2501,9.7710,-0.6330
senga,2023,FF,1033,2795,0.3696,16.5966,7.9657
senga,2023,FO,664,2795,0.2376,1.9222,7.2492
senga,2023,SL,161,2795,0.0576,1.4475,-1.6569
senga,2023,ST,165,2795,0.0590,-3.0873,-12.3724
senga,2024,CU,1,73,0.0137,-16.8000,-5.1600
senga,2024,FC,12,73,0.1644,10.2200,0.3200
senga,2024,FF,29,73,0.3973,17.1724,7.6221
senga,2024,FO,24,73,0.3288,1.1200,7.4400
senga,2024,SL,2,73,0.0274,-1.4400,-1.3200
senga,2024,ST,5,73,0.0685,-4.2480,-11.8800
senga,2025,CU,32,1901,0.0168,-11.5575,-4.6725
senga,2025,EP,1,1901,0.0005,12.4800,5.4000
senga,2025,FC,389,1901,0.2046,8.6378,0.9495
senga,2025,FF,597,1901,0.3140,16.4649,7.6308
senga,2025,FO,542,1901,0.2851,0.6733,9.9432
senga,2025,SI,114,1901,0.0600,6.6505,15.7958
senga,2025,SL,78,1901,0.0410,2.3185,-0.4846
senga,2025,ST,148,1901,0.0779,-2.2824,-8.2776
senga,2026,CU,2,1129,0.0018,-12.0600,-1.3200
senga,2026,FC,149,1129,0.1320,7.2950,0.9842
senga,2026,FF,481,1129,0.4260,16.2117,6.9081
senga,2026,FO,302,1129,0.2675,0.6977,11.1846
senga,2026,SI,36,1129,0.0319,6.9933,15.6067
senga,2026,SL,67,1129,0.0593,2.0239,-0.4030
senga,2026,ST,92,1129,0.0815,-4.8183,-9.8857
imanaga,2019,,0,0,,,
imanaga,2020,,0,0,,,
imanaga,2021,,0,0,,,
imanaga,2022,,0,0,,,
imanaga,2023,,0,0,,,
imanaga,2024,CH,99,2590,0.0382,9.5442,12.0024
imanaga,2024,CU,85,2590,0.0328,-12.6212,-8.8645
imanaga,2024,FC,12,2590,0.0046,13.7700,0.3800
imanaga,2024,FF,1343,2590,0.5185,18.2958,10.1957
imanaga,2024,FS,797,2590,0.3077,6.6676,10.2470
imanaga,2024,SI,58,2590,0.0224,9.6559,14.5800
imanaga,2024,ST,196,2590,0.0757,3.2529,-10.0800
imanaga,2025,CU,35,2176,0.0161,-12.6994,-10.5943
imanaga,2025,FF,1059,2176,0.4867,17.9904,11.9210
imanaga,2025,FS,684,2176,0.3143,6.6858,12.9672
imanaga,2025,SI,27,2176,0.0124,9.3911,14.7289
imanaga,2025,SL,13,2176,0.0060,6.3600,-1.3477
imanaga,2025,ST,358,2176,0.1645,1.8878,-12.0020
imanaga,2026,CU,81,2810,0.0288,-13.1704,-8.8311
imanaga,2026,FF,1128,2810,0.4014,17.7352,11.2397
imanaga,2026,FS,970,2810,0.3452,5.6582,11.5910
imanaga,2026,SI,166,2810,0.0591,9.8002,16.2918
imanaga,2026,SL,54,2810,0.0192,7.1911,-3.1956
imanaga,2026,ST,411,2810,0.1463,-0.3466,-14.0298
